{"pomodoro_short": {"has_adhd": 0.20916439921879937, "has_dyslexia": 0.016407937850485735, "has_autism": 0.0050210588970272, "has_anxiety": 0.039490337237382635, "attention_span": 0.302943512649252, "sleep_hours": 0.041962949399821155, "daily_study_hrs": 0.041168140081541606, "learning_style": 0.019213472080819163, "peak_focus_time": 0.01449762749697738, "study_env": 0.018089319708703144, "user_category": 0.03861474616696556, "struggle": 0.08851168436294632, "current_level": 0.010415025631149937, "prior_attempt": 0.01583318440084327, "content_type": 0.016532438739152697, "memory_load": 0.03694216518273303, "difficulty": 0.018520720414774438, "has_deadline": 0.005858194461297374, "days_to_exam": 0.06081308601932788}, "pomodoro_standard": {"has_adhd": 0.07602745675362728, "has_dyslexia": 0.0220783583812756, "has_autism": 0.0051622299519798725, "has_anxiety": 0.005704767740557754, "attention_span": 0.2913596297530364, "sleep_hours": 0.024866456674729285, "daily_study_hrs": 0.02421107419673341, "learning_style": 0.017858865451671715, "peak_focus_time": 0.008472234896291533, "study_env": 0.009072053959294054, "user_category": 0.1419943005836045, "struggle": 0.03860818586916814, "current_level": 0.048223796041961496, "prior_attempt": 0.01696321484850618, "content_type": 0.013067173253586417, "memory_load": 0.048978160439644564, "difficulty": 0.011085537979210454, "has_deadline": 0.0076091968348719835, "days_to_exam": 0.18865730639024952}, "feynman": {"has_adhd": 0.011578648136396391, "has_dyslexia": 0.013466978121352292, "has_autism": 0.005900056775696502, "has_anxiety": 0.009789297809777806, "attention_span": 0.031098546495660136, "sleep_hours": 0.07294749696557086, "daily_study_hrs": 0.05217331769777698, "learning_style": 0.0983942178949688, "peak_focus_time": 0.020090434280206737, "study_env": 0.024285781850901834, "user_category": 0.1324917642159016, "struggle": 0.08996926671263239, "current_level": 0.037738617775663216, "prior_attempt": 0.021037841092138458, "content_type": 0.08152873110126783, "memory_load": 0.10812726181864779, "difficulty": 0.02337753340767826, "has_deadline": 0.007756238406160406, "days_to_exam": 0.1582479694416019}, "spaced_repetition": {"has_adhd": 0.04038204980529758, "has_dyslexia": 0.019884203244413975, "has_autism": 0.01861066114085697, "has_anxiety": 0.016780268932714615, "attention_span": 0.031182523910885294, "sleep_hours": 0.15633843789840324, "daily_study_hrs": 0.05629258233545067, "learning_style": 0.028377438917466073, "peak_focus_time": 0.02470549444080991, "study_env": 0.029138983276254977, "user_category": 0.043595751178669866, "struggle": 0.0816023368949121, "current_level": 0.0647756288782174, "prior_attempt": 0.02766695595538571, "content_type": 0.06743805334686231, "memory_load": 0.10912758273778003, "difficulty": 0.02530370883187556, "has_deadline": 0.014665200332474577, "days_to_exam": 0.14413213794126925}, "active_recall": {"has_adhd": 0.04905219426754826, "has_dyslexia": 0.06599101712608851, "has_autism": 0.006195129238525839, "has_anxiety": 0.014638544530847336, "attention_span": 0.02356721545845986, "sleep_hours": 0.05332708066643211, "daily_study_hrs": 0.05087060637570911, "learning_style": 0.15638729208817026, "peak_focus_time": 0.01984270545719967, "study_env": 0.02340364840497192, "user_category": 0.08626383092486035, "struggle": 0.08321371196011894, "current_level": 0.017147194670337578, "prior_attempt": 0.03618937967281173, "content_type": 0.021807689547829613, "memory_load": 0.14729136406086824, "difficulty": 0.0228581539902262, "has_deadline": 0.005373965407763134, "days_to_exam": 0.11657927615123141}, "mind_mapping": {"has_adhd": 0.018297688342739867, "has_dyslexia": 0.15325929240091182, "has_autism": 0.004733554065523809, "has_anxiety": 0.0045493022359708105, "attention_span": 0.01624494997924173, "sleep_hours": 0.04301461403787516, "daily_study_hrs": 0.037682308917275364, "learning_style": 0.34257055465211317, "peak_focus_time": 0.01795937789289427, "study_env": 0.01440012425696544, "user_category": 0.0658509743863239, "struggle": 0.039088706073822074, "current_level": 0.017800523644170042, "prior_attempt": 0.006843170443363012, "content_type": 0.047182315378917046, "memory_load": 0.08203385562577528, "difficulty": 0.01597992387707763, "has_deadline": 0.006491660987965564, "days_to_exam": 0.06601710280107408}, "past_papers": {"has_adhd": 0.02339011021670529, "has_dyslexia": 0.014803326641602348, "has_autism": 0.008787143529900891, "has_anxiety": 0.012522975632207467, "attention_span": 0.02150786072530049, "sleep_hours": 0.04380295216252265, "daily_study_hrs": 0.042544068348391854, "learning_style": 0.06281977179574955, "peak_focus_time": 0.01616380190481462, "study_env": 0.020425181411564512, "user_category": 0.05815241356748954, "struggle": 0.048415125684233465, "current_level": 0.05713015412125613, "prior_attempt": 0.027685644149409643, "content_type": 0.36055082239028485, "memory_load": 0.02245308604430496, "difficulty": 0.02011726569898704, "has_deadline": 0.004850069797257431, "days_to_exam": 0.13387822617801726}, "time_blocking": {"has_adhd": 0.09116036623701669, "has_dyslexia": 0.016557803843110508, "has_autism": 0.09022134453694407, "has_anxiety": 0.03847013434161881, "attention_span": 0.021220783214292643, "sleep_hours": 0.04778875235965093, "daily_study_hrs": 0.052147043992260035, "learning_style": 0.022647783063050615, "peak_focus_time": 0.019825149932475257, "study_env": 0.024947169091175517, "user_category": 0.024039061664487785, "struggle": 0.07008215047463504, "current_level": 0.025280572897429122, "prior_attempt": 0.01498145333392562, "content_type": 0.2658613591363593, "memory_load": 0.02791114760045279, "difficulty": 0.024514290204011538, "has_deadline": 0.00755764258953195, "days_to_exam": 0.11478599148757199}, "interleaving": {"has_adhd": 0.15921924049314184, "has_dyslexia": 0.01163304228829633, "has_autism": 0.06369720239446086, "has_anxiety": 0.010333888057334832, "attention_span": 0.044566466309805174, "sleep_hours": 0.03656730889687317, "daily_study_hrs": 0.03439160280086595, "learning_style": 0.017224794485243902, "peak_focus_time": 0.013738628559351297, "study_env": 0.015061659557602016, "user_category": 0.17984393651274877, "struggle": 0.10956303383640265, "current_level": 0.036877729460548424, "prior_attempt": 0.02091199936586414, "content_type": 0.02021693631353659, "memory_load": 0.024424868521942433, "difficulty": 0.01575262640825285, "has_deadline": 0.012057771775977055, "days_to_exam": 0.1739172639617519}, "elaborative_interrogation": {"has_adhd": 0.020211707115669365, "has_dyslexia": 0.014117877403198493, "has_autism": 0.004171967994516336, "has_anxiety": 0.03316991031342041, "attention_span": 0.04968442917547726, "sleep_hours": 0.052646215813748655, "daily_study_hrs": 0.04540445280136481, "learning_style": 0.1201636936456956, "peak_focus_time": 0.018990439683424454, "study_env": 0.024197935828536195, "user_category": 0.0958252039199145, "struggle": 0.11892081293467825, "current_level": 0.017614055725260362, "prior_attempt": 0.007345564602818259, "content_type": 0.11387223475484369, "memory_load": 0.17290433356712812, "difficulty": 0.02326925196103371, "has_deadline": 0.007380058601249723, "days_to_exam": 0.060109854158021864}, "audio_notes": {"has_adhd": 0.010320270032991716, "has_dyslexia": 0.2782479486777983, "has_autism": 0.003802985335974072, "has_anxiety": 0.00928702879225338, "attention_span": 0.021994964700914155, "sleep_hours": 0.0358004378296813, "daily_study_hrs": 0.03130392263440888, "learning_style": 0.3765234259326227, "peak_focus_time": 0.01087372526757927, "study_env": 0.014646358973233237, "user_category": 0.04621711648073895, "struggle": 0.03710516646230254, "current_level": 0.007646027710632914, "prior_attempt": 0.010121696500123237, "content_type": 0.01350592989179052, "memory_load": 0.0352903513054055, "difficulty": 0.012513838307434026, "has_deadline": 0.0035896236939417575, "days_to_exam": 0.04120918147017364},