{"pomodoro_short": {"has_adhd": 0.23017381078509913, "has_dyslexia": 0.0141064291982244, "has_autism": 0.005079253788594521, "has_anxiety": 0.04886865281393445, "attention_span": 0.29915346197817927, "sleep_hours": 0.04334572539152658, "daily_study_hrs": 0.03884652106636677, "learning_style": 0.021588896320804952, "peak_focus_time": 0.01718789401554169, "study_env": 0.019059989341064877, "user_category": 0.0382495191814601, "struggle": 0.07038874830475146, "current_level": 0.01140645705053544, "prior_attempt": 0.015381821645722616, "content_type": 0.01645002659213328, "memory_load": 0.025416524771529364, "difficulty": 0.019561192787431108, "has_deadline": 0.005012576639703361, "days_to_exam": 0.060722498327396665}, "pomodoro_standard": {"has_adhd": 0.09125073276536025, "has_dyslexia": 0.02759403010884913, "has_autism": 0.00433945195731279, "has_anxiety": 0.01352028275521961, "attention_span": 0.28280990489887015, "sleep_hours": 0.020436794159065203, "daily_study_hrs": 0.020945537206937107, "learning_style": 0.023727393469322528, "peak_focus_time": 0.00671895298999613, "study_env": 0.00817126030997799, "user_category": 0.14768400601109277, "struggle": 0.03221944936166511, "current_level": 0.04352995831887965, "prior_attempt": 0.02185399378226981, "content_type": 0.009538804407624762, "memory_load": 0.033289272189719686, "difficulty": 0.008175261375893396, "has_deadline": 0.010055601526177746, "days_to_exam": 0.19413931240576612}, "feynman": {"has_adhd": 0.010449846222217493, "has_dyslexia": 0.015003943296774512, "has_autism": 0.006076450081899577, "has_anxiety": 0.009640763235428274, "attention_span": 0.03644220455975646, "sleep_hours": 0.07261824512808904, "daily_study_hrs": 0.0480117330187789, "learning_style": 0.08681056820576077, "peak_focus_time": 0.018978255373414854, "study_env": 0.02250038292890847, "user_category": 0.1308757178413447, "struggle": 0.0973257094954232, "current_level": 0.03429844696041962, "prior_attempt": 0.025633303784796592, "content_type": 0.07665090099501434, "memory_load": 0.08607681100679504, "difficulty": 0.024761098716380114, "has_deadline": 0.00918883113900565, "days_to_exam": 0.18865678800979246}, "spaced_repetition": {"has_adhd": 0.049976745623642314, "has_dyslexia": 0.017836844237933552, "has_autism": 0.019761814785954977, "has_anxiety": 0.01897773190422493, "attention_span": 0.028261270152859425, "sleep_hours": 0.1631479330202653, "daily_study_hrs": 0.06374148992455106, "learning_style": 0.03260151242601141, "peak_focus_time": 0.023530127908012538, "study_env": 0.02754695343133097, "user_category": 0.03476414809239507, "struggle": 0.06891220299909698, "current_level": 0.05457010600489247, "prior_attempt": 0.03496811101405517, "content_type": 0.06673601240601953, "memory_load": 0.09752963404375568, "difficulty": 0.02925830573862558, "has_deadline": 0.022090268235811124, "days_to_exam": 0.1457887880505619}, "active_recall": {"has_adhd": 0.04271838030997258, "has_dyslexia": 0.07003743351156928, "has_autism": 0.010506389694281493, "has_anxiety": 0.01880469427504298, "attention_span": 0.024416420150646382, "sleep_hours": 0.049287020087948524, "daily_study_hrs": 0.0501155600439798, "learning_style": 0.17195017359808767, "peak_focus_time": 0.02091922121788725, "study_env": 0.022853025345443083, "user_category": 0.08679893966737205, "struggle": 0.07238958830164889, "current_level": 0.015038536733011578, "prior_attempt": 0.03890363370131559, "content_type": 0.025595313829423, "memory_load": 0.11859668198084218, "difficulty": 0.02262661557980396, "has_deadline": 0.005116321674630038, "days_to_exam": 0.13332605029709377}, "mind_mapping": {"has_adhd": 0.04075951270768872, "has_dyslexia": 0.13620940729542166, "has_autism": 0.01517526527087795, "has_anxiety": 0.0063184212512027394, "attention_span": 0.01913932153453458, "sleep_hours": 0.04038239744728917, "daily_study_hrs": 0.03152754960256549, "learning_style": 0.3475345666383207, "peak_focus_time": 0.009599004482613156, "study_env": 0.014758806586574587, "user_category": 0.07229486007203306, "struggle": 0.03363317254505213, "current_level": 0.014388130879526524, "prior_attempt": 0.004999666803355635, "content_type": 0.060120286792155316, "memory_load": 0.07008733656849875, "difficulty": 0.01465806970180642, "has_deadline": 0.004702983212465728, "days_to_exam": 0.06371124060801774}, "past_papers": {"has_adhd": 0.030446062954119574, "has_dyslexia": 0.018644984936771386, "has_autism": 0.007264383138478175, "has_anxiety": 0.01663613246747086, "attention_span": 0.01928363258803617, "sleep_hours": 0.04480232358098906, "daily_study_hrs": 0.04137798152794461, "learning_style": 0.07743608228226062, "peak_focus_time": 0.017985702154894985, "study_env": 0.020484643840060553, "user_category": 0.07416713280709038, "struggle": 0.052040202010073554, "current_level": 0.04786429259256556, "prior_attempt": 0.03705659424627799, "content_type": 0.29277466631288795, "memory_load": 0.025394965712695283, "difficulty": 0.020275555338451743, "has_deadline": 0.00653064107630581, "days_to_exam": 0.14953402043262579}, "time_blocking": {"has_adhd": 0.09134440876399731, "has_dyslexia": 0.011080783809044205, "has_autism": 0.0873945978427993, "has_anxiety": 0.0355442302890029, "attention_span": 0.022486297005021867, "sleep_hours": 0.05137890451945482, "daily_study_hrs": 0.05193672073361496, "learning_style": 0.022731380751040663, "peak_focus_time": 0.019896510509158565, "study_env": 0.028242142794145626, "user_category": 0.02672751667744578, "struggle": 0.060565987764290515, "current_level": 0.02187532824638425, "prior_attempt": 0.014008867103993539, "content_type": 0.277258126351232, "memory_load": 0.021579735174545166, "difficulty": 0.024029176635367237, "has_deadline": 0.007737169636856809, "days_to_exam": 0.12418211539260461}, "interleaving": {"has_adhd": 0.18727337936343022, "has_dyslexia": 0.010101529985091385, "has_autism": 0.06451315447066401, "has_anxiety": 0.007866554241167011, "attention_span": 0.050213671324370796, "sleep_hours": 0.03814527364109194, "daily_study_hrs": 0.03401907453435577, "learning_style": 0.017331700532199953, "peak_focus_time": 0.014294132679871015, "study_env": 0.016422239705962894, "user_category": 0.17145033509277843, "struggle": 0.0959093826460153, "current_level": 0.035512164754822245, "prior_attempt": 0.03327842100216639, "content_type": 0.018618326833724073, "memory_load": 0.020523817326750758, "difficulty": 0.015149596884746581, "has_deadline": 0.013198966417482548, "days_to_exam": 0.1561782785633088}, "elaborative_interrogation": {"has_adhd": 0.02446363716152405, "has_dyslexia": 0.007459500523749387, "has_autism": 0.009181025697899886, "has_anxiety": 0.023567960777733953, "attention_span": 0.07472629489004168, "sleep_hours": 0.04306210753728097, "daily_study_hrs": 0.045390986788487304, "learning_style": 0.11770128322635356, "peak_focus_time": 0.017649076185570562, "study_env": 0.01806411823508379, "user_category": 0.12315091509414106, "struggle": 0.13149506415449005, "current_level": 0.022378312372512716, "prior_attempt": 0.00883075169453639, "content_type": 0.15406944039299583, "memory_load": 0.11100697307269901, "difficulty": 0.021119394401180113, "has_deadline": 0.006296483651287181, "days_to_exam": 0.040386674142432376}, "audio_notes": {"has_adhd": 0.022198911696846763, "has_dyslexia": 0.24929544513243504, "has_autism": 0.0020422523316982757, "has_anxiety": 0.0062377193694888484, "attention_span": 0.015979230365807316, "sleep_hours": 0.036258029906007086, "daily_study_hrs": 0.037095810019573586, "learning_style": 0.40874504354060015, "peak_focus_time": 0.014421940467170366, "study_env": 0.012099926285588486, "user_category": 0.03988235258764653, "struggle": 0.030838401810050167, "current_level": 0.006237160866909786, "prior_attempt": 0.014241368095750728, "content_type": 0.010204209511716076, "memory_load": 0.034661370966651395, "difficulty": 0.02124962985738288, "has_deadline": 0.006921621382413618, "days_to_exam": 0.03138957580626293},