{"pomodoro_short": {"has_adhd": 0.24620647177620894, "has_dyslexia": 0.011417248191184259, "has_autism": 0.006521485700960425, "has_anxiety": 0.034182287677815046, "attention_span": 0.2658874065217626, "sleep_hours": 0.048637698758500526, "daily_study_hrs": 0.04320999575149931, "learning_style": 0.0211484342185821, "peak_focus_time": 0.016536142900861132, "study_env": 0.019743171342394096, "user_category": 0.03905453100535518, "struggle": 0.08708565652724863, "current_level": 0.01224885927300068, "prior_attempt": 0.017084492428825045, "content_type": 0.015839161434547135, "memory_load": 0.029482780204025796, "difficulty": 0.019978048203136724, "has_deadline": 0.00823798198369191, "days_to_exam": 0.05749814610040038}, "pomodoro_standard": {"has_adhd": 0.08344735928271499, "has_dyslexia": 0.023278259341217116, "has_autism": 0.0023650789918536214, "has_anxiety": 0.004793681452276792, "attention_span": 0.2870656637024902, "sleep_hours": 0.02111945414863317, "daily_study_hrs": 0.02079924297186069, "learning_style": 0.028494065295114904, "peak_focus_time": 0.006412962628475101, "study_env": 0.009341922489068821, "user_category": 0.12949057368138164, "struggle": 0.03577480935182921, "current_level": 0.03829297496481619, "prior_attempt": 0.021991565462914486, "content_type": 0.010415460435142703, "memory_load": 0.04537465490912999, "difficulty": 0.007412459745044781, "has_deadline": 0.00953181802794529, "days_to_exam": 0.21459799311809016}, "feynman": {"has_adhd": 0.010371000559479891, "has_dyslexia": 0.01511101633080916, "has_autism": 0.007211033060085462, "has_anxiety": 0.00877905858463271, "attention_span": 0.03165835940641529, "sleep_hours": 0.06997034268306182, "daily_study_hrs": 0.045782067304831135, "learning_style": 0.08112859071388154, "peak_focus_time": 0.018097367267196938, "study_env": 0.02241765923626525, "user_category": 0.14307201006327935, "struggle": 0.11928942575990742, "current_level": 0.02961120509206042, "prior_attempt": 0.02570304571815878, "content_type": 0.06388467840943374, "memory_load": 0.08906931410265242, "difficulty": 0.020741781995155622, "has_deadline": 0.0057263582686352945, "days_to_exam": 0.19237568544405767}, "spaced_repetition": {"has_adhd": 0.06574394229544082, "has_dyslexia": 0.030644123335620596, "has_autism": 0.023350885578929986, "has_anxiety": 0.016043710919506047, "attention_span": 0.025356064501477975, "sleep_hours": 0.14300196614083938, "daily_study_hrs": 0.05743196742349003, "learning_style": 0.030462228458528876, "peak_focus_time": 0.024925530084450948, "study_env": 0.027977324852120983, "user_category": 0.03774015834578529, "struggle": 0.08637204493549035, "current_level": 0.05530680539378977, "prior_attempt": 0.037052444224227585, "content_type": 0.06778563170090919, "memory_load": 0.10113181988040217, "difficulty": 0.028080127590388977, "has_deadline": 0.015489806355776495, "days_to_exam": 0.12610341798282468}, "active_recall": {"has_adhd": 0.05043593823363323, "has_dyslexia": 0.05908486164896863, "has_autism": 0.008006555778541077, "has_anxiety": 0.01802610032931491, "attention_span": 0.024881073127364282, "sleep_hours": 0.05189654672849375, "daily_study_hrs": 0.049834049610263255, "learning_style": 0.17109289549926068, "peak_focus_time": 0.02033745122997001, "study_env": 0.025881616298732545, "user_category": 0.08548087237820826, "struggle": 0.0825674764064718, "current_level": 0.015895906023302528, "prior_attempt": 0.03644107861077543, "content_type": 0.025353533672381447, "memory_load": 0.11157426589664872, "difficulty": 0.023240275163621604, "has_deadline": 0.006294789498484716, "days_to_exam": 0.1336747138655631}, "mind_mapping": {"has_adhd": 0.05752746317651192, "has_dyslexia": 0.20999083699257962, "has_autism": 0.00712598542482434, "has_anxiety": 0.01211359637270578, "attention_span": 0.019508155623720363, "sleep_hours": 0.04239000137752199, "daily_study_hrs": 0.02833870343458913, "learning_style": 0.31272049963857057, "peak_focus_time": 0.010894778528801012, "study_env": 0.0164347529760461, "user_category": 0.06423226734617934, "struggle": 0.047357600907655, "current_level": 0.007459717838109122, "prior_attempt": 0.005329017209989899, "content_type": 0.013424059919295937, "memory_load": 0.05377066535257929, "difficulty": 0.012136106832220946, "has_deadline": 0.009759571944536825, "days_to_exam": 0.06948621910356273}, "past_papers": {"has_adhd": 0.028929707899243942, "has_dyslexia": 0.008386950005812594, "has_autism": 0.006851753334322884, "has_anxiety": 0.01494045759645641, "attention_span": 0.018709718355998883, "sleep_hours": 0.048919588742820215, "daily_study_hrs": 0.04500422568040622, "learning_style": 0.08491627907043141, "peak_focus_time": 0.01894515156398088, "study_env": 0.02052861808349572, "user_category": 0.06989112492407579, "struggle": 0.05391164086231404, "current_level": 0.04172593813833792, "prior_attempt": 0.035735381254932225, "content_type": 0.2938218506760726, "memory_load": 0.032787438701038576, "difficulty": 0.019982100146324525, "has_deadline": 0.006097944746771008, "days_to_exam": 0.14991413021716415}, "time_blocking": {"has_adhd": 0.09644369398371508, "has_dyslexia": 0.010981796883648559, "has_autism": 0.07258700272607387, "has_anxiety": 0.039524111594519996, "attention_span": 0.02059511816359565, "sleep_hours": 0.04983506963692415, "daily_study_hrs": 0.04963766878729109, "learning_style": 0.027952994629517183, "peak_focus_time": 0.01927675130742693, "study_env": 0.02701670354730471, "user_category": 0.01978547978723489, "struggle": 0.059216720141089786, "current_level": 0.0227244890423112, "prior_attempt": 0.011006514700236312, "content_type": 0.26884844812655895, "memory_load": 0.027067937301620743, "difficulty": 0.02284393108093693, "has_deadline": 0.007128322022563295, "days_to_exam": 0.14752724653743055}, "interleaving": {"has_adhd": 0.1990218783027143, "has_dyslexia": 0.007097132752523816, "has_autism": 0.06058693752929252, "has_anxiety": 0.010009001971935542, "attention_span": 0.05184008379142193, "sleep_hours": 0.036880291400405156, "daily_study_hrs": 0.03515486473426527, "learning_style": 0.016456323293313757, "peak_focus_time": 0.01435961210764924, "study_env": 0.014307777239852723, "user_category": 0.16046269376143862, "struggle": 0.11561319505255942, "current_level": 0.03348436931190832, "prior_attempt": 0.02712969984319978, "content_type": 0.015993621219635507, "memory_load": 0.01722859516451488, "difficulty": 0.015425260023356067, "has_deadline": 0.014983434679292614, "days_to_exam": 0.15396522782072056}, "elaborative_interrogation": {"has_adhd": 0.02356440021687424, "has_dyslexia": 0.00912888121523719, "has_autism": 0.0027104678815556065, "has_anxiety": 0.04042491123340063, "attention_span": 0.05939618780926279, "sleep_hours": 0.04119773498087819, "daily_study_hrs": 0.04536437923855217, "learning_style": 0.11353375361603119, "peak_focus_time": 0.015242668306291174, "study_env": 0.020657121923708208, "user_category": 0.08777660563807553, "struggle": 0.12536703411255615, "current_level": 0.00917308636687407, "prior_attempt": 0.004218200436602764, "content_type": 0.15707377462946914, "memory_load": 0.150496594652576, "difficulty": 0.018813706920910847, "has_deadline": 0.010294845239581869, "days_to_exam": 0.0655656455815623}, "audio_notes": {"has_adhd": 0.015456040279969038, "has_dyslexia": 0.22497059292208962, "has_autism": 0.0036246667147273154, "has_anxiety": 0.006334968640784669, "attention_span": 0.016778517573332367, "sleep_hours": 0.060179367978552584, "daily_study_hrs": 0.030039045634747498, "learning_style": 0.40779272156562973, "peak_focus_time": 0.008680221395558647, "study_env": 0.016283062241126068, "user_category": 0.045962043715541176, "struggle": 0.03402542518554385, "current_level": 0.006975364597012012, "prior_attempt": 0.00879669395480542, "content_type": 0.014174618268485453, "memory_load": 0.02779149577861378, "difficulty": 0.013446450722083787, "has_deadline": 0.00291322630630496, "days_to_exam": 0.05577547652509184},